frame,bin,real,imag,magnitude
0,0,2.110196817110e+00,0.000000000000e+00,2.110196817110e+00
0,1,-2.050278637351e+00,1.864791522013e-02,2.050363439862e+00
0,2,2.103854771693e+00,7.399450274202e-02,2.105155596817e+00
0,3,-2.244630630328e+00,-5.038167859919e-02,2.245195978116e+00
0,4,2.335116284985e+00,-3.342611702780e-02,2.335355512487e+00
0,5,-2.374196886453e+00,8.367600001553e-02,2.375670963880e+00
0,6,2.456262455565e+00,-7.470491821051e-02,2.457398232974e+00
0,7,-2.589367685294e+00,-7.601695443498e-03,2.589378843549e+00
0,8,2.974163553660e+00,7.358675521590e-02,2.975073756139e+00
0,9,-3.356072134856e+00,-3.905548499694e-02,3.356299376585e+00
0,10,4.157795151226e+00,3.935574576013e-02,4.157981408603e+00
0,11,-4.944352491188e+00,1.084344417551e-01,4.945541384447e+00
0,12,8.519120263280e+00,1.263208709010e-01,8.520056749966e+00
0,13,-1.323740393791e+01,8.516031142519e+00,1.574012863467e+01
0,14,2.308754618294e+00,-1.915932967491e+01,1.929793412466e+01
0,15,1.105824250572e+01,1.083585701021e+01,1.548226483629e+01
0,16,-7.885156774051e+00,-3.517936104871e-01,7.893000449496e+00
0,17,3.342455986112e+00,-8.000215916249e-02,3.343413280551e+00
0,18,-2.403631202092e+00,-6.084008720526e-02,2.404401063027e+00
0,19,1.600522881303e+00,7.009112234982e-02,1.602056883824e+00
0,20,-1.248989373592e+00,-3.002810060748e-02,1.249350288019e+00
0,21,8.152611936529e-01,-1.793967595776e-03,8.152631674472e-01
0,22,-5.772337455680e-01,-3.428481619818e-02,5.782510230378e-01
0,23,3.478244116073e-01,-6.538987010234e-03,3.478858716032e-01
0,24,-9.649952651505e-02,2.026632034150e-02,9.860467715993e-02
0,25,-1.365911825637e-01,-2.782463270794e-04,1.365914659675e-01
0,26,3.867712433373e-01,-2.371421123844e-02,3.874975593308e-01
0,27,-6.274760926354e-01,3.044327834710e-02,6.282141673231e-01
0,28,1.089358887555e+00,-4.251971354253e-02,1.090188383691e+00
0,29,-1.524008572341e+00,5.978772842523e-02,1.525180874860e+00
0,30,3.572666105805e+00,-3.753532426805e-02,3.572863278120e+00
0,31,-5.652518032163e+00,4.817317687502e+00,7.426810204000e+00
0,32,-4.294206929219e-01,-9.603114123068e+00,9.612710491436e+00
0,33,6.492237655082e+00,4.787969165366e+00,8.066833238549e+00
0,34,-4.412916950272e+00,-3.919835160281e-03,4.412918691196e+00
0,35,2.365235417593e+00,2.843056168609e-02,2.365406281694e+00
0,36,-1.974092193194e+00,-2.591485882996e-02,1.974262284282e+00
0,37,1.567760743326e+00,-5.655393456735e-04,1.567760845330e+00
0,38,-1.394458607046e+00,3.352813788827e-02,1.394861621378e+00
0,39,1.195582898401e+00,-9.935616347990e-02,1.199704177775e+00
0,40,-1.011247372306e+00,1.439843497096e-01,1.021446396516e+00
0,41,8.163087042726e-01,-1.077415954016e-01,8.233882146660e-01
0,42,-7.360007912736e-01,2.373547054627e-02,7.363834173291e-01
0,43,7.198545665659e-01,-3.209917707295e-03,7.198617232340e-01
0,44,-6.766629470894e-01,3.740379377853e-02,6.776959404871e-01
0,45,6.004810148665e-01,-3.899466220419e-02,6.017458208376e-01
0,46,-5.550205569373e-01,3.105712047203e-02,5.558888048477e-01
0,47,4.920940087325e-01,-2.789970527398e-02,4.928842734200e-01
0,48,-4.434397105497e-01,-2.483261503394e-02,4.441344792536e-01
0,49,4.705376882061e-01,6.205749255175e-02,4.746123137932e-01
0,50,-4.761517692045e-01,-1.931347821530e-02,4.765433010308e-01
0,51,4.222345043693e-01,1.578736014472e-02,4.225295462099e-01
0,52,-4.122997892441e-01,-4.214478827720e-02,4.144481866165e-01
0,53,4.117461245702e-01,5.285082570101e-02,4.151241752486e-01
0,54,-4.484289870298e-01,-6.107090492200e-02,4.525684609388e-01
0,55,4.846931922137e-01,-2.173127585081e-02,4.851801097824e-01
0,56,-3.976443508605e-01,1.084306019003e-01,4.121628624704e-01
0,57,3.046899196055e-01,-7.739315274295e-02,3.143654675703e-01
0,58,-2.867710070934e-01,5.065640662997e-02,2.912107175947e-01
0,59,2.406309745341e-01,-4.724151451217e-02,2.452244412750e-01
0,60,-1.954077646470e-01,-1.020739386992e-02,1.956741816744e-01
0,61,2.158194171790e-01,7.781582317544e-02,2.294195352797e-01
0,62,-2.642439601130e-01,-8.969310589428e-02,2.790514714191e-01
0,63,2.822640083706e-01,8.014110544903e-02,2.934204614610e-01
0,64,-3.114337344131e-01,-7.320205237509e-02,3.199211018399e-01
0,65,3.234251456381e-01,1.972202148317e-02,3.240258985982e-01
0,66,-2.711050785652e-01,9.437606379467e-03,2.712692980011e-01
0,67,2.357417835673e-01,2.368213362185e-02,2.369283266567e-01
0,68,-2.504344670202e-01,-6.289617707324e-02,2.582118342798e-01
0,69,3.069121627766e-01,6.704856151918e-02,3.141505773702e-01
0,70,-3.473878138337e-01,7.084071432233e-03,3.474600369369e-01
0,71,2.897150371619e-01,-9.284644287419e-02,3.042289675756e-01
0,72,-1.879722021431e-01,8.842598529589e-02,2.077322884245e-01
0,73,1.461242375910e-01,-1.860211185176e-02,1.473035348418e-01
0,74,-1.634909971114e-01,-2.398148495213e-02,1.652404846186e-01
0,75,1.692579985989e-01,4.158549377534e-02,1.742917765766e-01
0,76,-1.946691932346e-01,-7.576624678037e-02,2.088937982463e-01
0,77,2.489003610978e-01,5.720359632065e-02,2.553891955166e-01
0,78,-2.413955418590e-01,-5.814323132096e-03,2.414655544439e-01
0,79,2.062256030599e-01,-2.689422891065e-04,2.062257784259e-01
0,80,-1.807913077809e-01,-2.165346451728e-02,1.820834135630e-01
0,81,2.027613267555e-01,7.592061560337e-02,2.165088808831e-01
0,82,-2.889710094052e-01,-4.852072507347e-02,2.930162197529e-01
0,83,2.645677856274e-01,-5.247225109903e-02,2.697210602218e-01
0,84,-1.792740215439e-01,3.819243137314e-02,1.832971265861e-01
0,85,1.847421596466e-01,1.424135391141e-02,1.852902634035e-01
0,86,-2.089972138766e-01,-2.270596796122e-02,2.102270115595e-01
0,87,2.477040049311e-01,2.194254748331e-02,2.486739822518e-01
0,88,-2.774925580811e-01,5.060506133125e-02,2.820691263196e-01
0,89,1.948805682845e-01,-1.083982108684e-01,2.229991211067e-01
0,90,-1.354423486842e-01,4.182867409097e-02,1.417542514117e-01
0,91,1.853425627195e-01,-3.922264546120e-03,1.853840600338e-01
0,92,-2.120660473478e-01,4.729826599060e-02,2.172766310569e-01
0,93,1.863491058704e-01,-9.057473267639e-02,2.071950082847e-01
0,94,-1.212030916242e-01,1.101146087677e-01,1.637541342480e-01
0,95,4.757557697719e-02,-4.569546357830e-02,6.596598302419e-02
0,96,-9.050563722190e-02,-5.878856615333e-02,1.079229627063e-01
0,97,1.926676762358e-01,3.873499857523e-02,1.965228576546e-01
0,98,-1.868312447412e-01,4.053891850187e-02,1.911787590839e-01
0,99,1.349757698299e-01,-3.827599377291e-02,1.402979334861e-01
0,100,-1.493120320231e-01,4.998364980976e-03,1.493956711533e-01
0,101,1.821063915346e-01,-4.615615066553e-02,1.878646536260e-01
0,102,-1.158551760855e-01,9.062299896123e-02,1.470882380292e-01
0,103,6.854137808317e-02,-1.738699169010e-02,7.071229023000e-02
0,104,-1.330450258382e-01,-1.286494017706e-02,1.336655736757e-01
0,105,1.416326173923e-01,-3.898475628462e-02,1.468999984069e-01
0,106,-1.046255445053e-01,4.223572614405e-02,1.128289019974e-01
0,107,9.201071419529e-02,-2.670255971437e-02,9.580708857922e-02
0,108,-8.406476753278e-02,7.339020663786e-03,8.438451495768e-02
0,109,1.014243974279e-01,1.827793200806e-02,1.030581932313e-01
0,110,-1.444823434317e-01,-4.469406073329e-03,1.445514550400e-01
0,111,1.356144681184e-01,-6.601566368243e-02,1.508288825605e-01
0,112,-3.870317639287e-02,7.196882462117e-02,8.171565076685e-02
0,113,1.264504164645e-02,2.223967725150e-02,2.558320391373e-02
0,114,-6.862541299352e-02,-5.333184113966e-02,8.691221196056e-02
0,115,8.363100126283e-02,3.871621723893e-02,9.215796140061e-02
0,116,-7.959723396982e-02,-3.666039716922e-02,8.763392252005e-02
0,117,6.463166518962e-02,5.469934946936e-02,8.467154762702e-02
0,118,-9.100389054327e-02,-9.227397985506e-02,1.296001367758e-01
0,119,1.238953719110e-01,6.741979282724e-02,1.410513794539e-01
0,120,-8.294931164978e-02,-6.963669333154e-02,1.083044660267e-01
0,121,1.088174658332e-01,1.525382888925e-01,1.873744124703e-01
0,122,-2.210381787118e-01,-1.470102898702e-01,2.654616766615e-01
0,123,2.590499982932e-01,5.745236375783e-02,2.653444473078e-01
0,124,-2.280650010445e-01,2.898942863528e-03,2.280834245866e-01
0,125,1.766386688245e-01,-1.316541177746e-02,1.771286182167e-01
0,126,-1.647501723680e-01,-2.435053164046e-02,1.665399882504e-01
0,127,1.983659761704e-01,2.654167844293e-02,2.001337582633e-01
0,128,-2.082369044630e-01,0.000000000000e+00,2.082369044630e-01
1,0,1.873644452099e-01,0.000000000000e+00,1.873644452099e-01
1,1,-1.207824970882e-01,-9.647804835720e-02,1.545846868797e-01
1,2,-3.111328424246e-02,1.062173072317e-01,1.106804084375e-01
1,3,5.568701820238e-02,1.765780968869e-02,5.841953645206e-02
1,4,-5.335102129467e-02,-1.269882614287e-01,1.377401539634e-01
1,5,1.630499888369e-01,8.726905243029e-02,1.849356276433e-01
1,6,-1.077481767962e-01,-2.882000954163e-02,1.115359249430e-01
1,7,-3.756937819481e-02,1.579301107683e-02,4.075386333611e-02
1,8,1.957647821268e-02,5.869651594851e-02,6.187503118145e-02
1,9,-2.566702554025e-02,-1.689707567269e-02,3.072958454605e-02
1,10,1.471568221288e-02,6.833368267592e-02,6.990023956357e-02
1,11,9.953700301290e-03,1.225149993504e-01,1.229186772444e-01
1,12,-1.315733259890e-01,4.097969730665e-01,4.304010911304e-01
1,13,-4.267052100912e+00,1.634665923492e+01,1.689440741117e+01
1,14,9.556086808080e+00,-3.698860206916e+01,3.820308204994e+01
1,15,-5.306956482299e+00,2.080265966984e+01,2.146891791507e+01
1,16,9.196737835225e-02,-5.983580791090e-01,6.053844972544e-01
1,17,-1.086224417874e-02,-8.026031750660e-02,8.099201759963e-02
1,18,1.280250458147e-01,-4.327724585298e-02,1.351418971469e-01
1,19,-2.339514482850e-02,-9.605981844164e-02,9.886769705312e-02
1,20,-6.165521267420e-02,4.404469796555e-02,7.577137103667e-02
1,21,5.993757904658e-02,-1.049948498482e-02,6.085024705711e-02
1,22,2.681090454906e-02,1.102834837991e-02,2.899049966329e-02
1,23,-1.685401527472e-01,-5.692098775354e-02,1.778926134917e-01
1,24,2.087307561644e-01,1.169694612523e-02,2.090582385787e-01
1,25,-1.390752716063e-01,4.015284725324e-02,1.447555951075e-01
1,26,6.769900255694e-02,-2.918998409808e-02,7.372387753537e-02
1,27,-4.303876079903e-02,-7.531856932898e-02,8.674803638631e-02
1,28,1.146471736281e-01,1.288425237705e-01,1.724655628016e-01
1,29,-1.160434484391e-01,-5.089779470765e-02,1.267149061151e-01
1,30,-2.169740762582e-02,-3.241638255172e-02,3.900768328702e-02
1,31,8.781650197712e-02,9.584856843641e+00,9.585259122795e+00
1,32,-6.280655635495e-02,-1.917890217923e+01,1.917900501757e+01
1,33,6.142241366580e-02,9.591639505434e+00,9.591836170156e+00
1,34,-2.476498557257e-02,5.522276199978e-02,6.052154949515e-02
1,35,9.985770833518e-03,-4.072412162023e-02,4.193053423078e-02
1,36,-9.394662822799e-03,1.164103615792e-02,1.495905787087e-02
1,37,-3.556504693080e-02,-1.399225627248e-02,3.821852690495e-02
1,38,6.438761612348e-02,-1.304805396367e-02,6.569639885338e-02
1,39,-1.322347480934e-01,-1.191143409803e-02,1.327701429750e-01
1,40,1.548427450953e-01,-6.879840723867e-03,1.549955093447e-01
1,41,-8.086314394475e-02,1.348613040299e-01,1.572463652148e-01
1,42,3.913083539703e-02,-8.925744567103e-02,9.745826741014e-02
1,43,-5.550240630809e-02,-8.399899285852e-02,1.006794314010e-01
1,44,1.026353605219e-01,9.612750813224e-02,1.406218868071e-01
1,45,-9.571120743265e-02,9.300359640698e-03,9.616200870231e-02
1,46,2.271391358778e-02,-3.906381329612e-02,4.518742501744e-02
1,47,-7.110617641212e-03,-1.340793136660e-02,1.517674229771e-02
1,48,6.573241905637e-02,1.083158984043e-01,1.267007685933e-01
1,49,-7.293730833634e-02,-1.571797822645e-01,1.732782008796e-01
1,50,-6.874249321494e-03,8.425463823171e-02,8.453460455512e-02
1,51,6.643836346566e-02,-3.296538926519e-02,7.416719645100e-02
1,52,-2.523377131504e-02,3.335627264304e-02,4.182563973709e-02
1,53,-5.583623502196e-03,8.502792884162e-03,1.017223369006e-02
1,54,1.841434349315e-02,-3.064077071990e-02,3.574835487954e-02
1,55,-6.969596517488e-02,-8.304748899892e-02,1.084177706406e-01
1,56,2.996384641829e-02,1.468000546324e-01,1.498268605166e-01
1,57,5.074354389951e-02,-7.655339222768e-02,9.184404776058e-02
1,58,-4.293700449400e-02,4.816191943697e-02,6.452252969910e-02
1,59,-4.335904511414e-02,1.141323815467e-02,4.483602121493e-02
1,60,4.750184806179e-02,-7.589235592293e-02,8.953253741974e-02
1,61,7.760547139591e-02,7.524035451660e-02,1.080912583809e-01
1,62,-1.433805937804e-01,-7.436681993109e-02,1.615190966402e-01
1,63,1.397296916864e-01,2.686032751935e-02,1.422879613081e-01
1,64,-5.790435826601e-02,-5.372749427998e-03,5.815308368964e-02
1,65,-1.053852405919e-03,1.889874174631e-02,1.892810197793e-02
1,66,-8.012521962134e-02,6.303256007354e-02,1.019468216709e-01
1,67,7.801281703487e-02,-1.499846953652e-01,1.690603692931e-01
1,68,4.193856667941e-02,1.388580599977e-01,1.450531082102e-01
1,69,-4.024252144277e-02,-8.803070049488e-02,9.679289623568e-02
1,70,-5.554780413824e-02,6.520712972282e-03,5.592922529633e-02
1,71,2.114206390762e-02,-8.059405870363e-03,2.262611078504e-02
1,72,2.288919172925e-02,5.961568893150e-02,6.385879316740e-02
1,73,5.020909026931e-02,-2.172336406229e-02,5.470701318711e-02
1,74,-4.727849143170e-02,1.974178673924e-02,5.123469425804e-02
1,75,-1.933683492268e-02,1.728338111802e-02,2.593508140912e-02
1,76,1.485400957405e-02,-7.451424998857e-02,7.598035964501e-02
1,77,5.284933718660e-02,-2.119841304262e-02,5.694229672737e-02
1,78,-8.969201637189e-02,1.328849942612e-01,1.603217998297e-01
1,79,3.158216185003e-02,-1.201680599388e-01,1.242489258569e-01
1,80,-3.215454937880e-02,6.137453498645e-02,6.928743457912e-02
1,81,1.451060066542e-01,-3.370467101873e-02,1.489689834012e-01
1,82,-1.321688309328e-01,-2.746514430198e-02,1.349923480115e-01
1,83,-2.510162397869e-02,7.040405114087e-02,7.474504628009e-02
1,84,8.475425564036e-02,-2.354857094820e-02,8.796487391484e-02
1,85,-3.175256797587e-02,7.709898992163e-03,3.267519113228e-02
1,86,-2.139450917805e-02,-1.622549149886e-02,2.685128669821e-02
1,87,7.489555948598e-02,-8.836909582507e-03,7.541509001312e-02
1,88,-1.317999385272e-01,-3.822952726912e-02,1.372323597079e-01
1,89,5.401833110095e-02,7.709715058260e-02,9.413793455822e-02
1,90,8.719788589798e-02,-3.749280347749e-02,9.491670884348e-02
1,91,-6.113797880777e-02,5.061888986285e-03,6.134716923224e-02
1,92,-2.826491806517e-03,-2.299869883659e-03,3.643961774507e-03
1,93,-1.774374974616e-02,1.025906336607e-02,2.049607367774e-02
1,94,-3.262410673640e-02,-6.187327257442e-03,3.320565251488e-02
1,95,7.310682643968e-02,4.030130284762e-02,8.347935722858e-02
1,96,5.557575923082e-02,-4.418097152266e-02,7.099734684316e-02
1,97,-1.028370152835e-01,-2.697624703673e-02,1.063163657044e-01
1,98,5.291996848041e-03,8.063866934875e-02,8.081212919467e-02
1,99,-1.407065360674e-02,-7.516284923208e-02,7.646853730525e-02
1,100,1.056939698782e-01,3.527837093971e-02,1.114261132983e-01
1,101,-1.249483122004e-01,-4.789100386692e-02,1.338119164092e-01
1,102,1.442392551879e-02,9.390425695377e-02,9.500557405443e-02
1,103,8.747318861796e-02,-5.816858764179e-02,1.050482903965e-01
1,104,-3.801769046301e-02,-4.821777842366e-02,6.140276007033e-02
1,105,-4.242054566680e-02,1.195078664994e-01,1.268133780400e-01
1,106,2.154957361428e-02,-1.323590685628e-01,1.341018536553e-01
1,107,3.486647825519e-02,1.097341399815e-01,1.151401441002e-01
1,108,-5.071242278119e-02,-6.178882016053e-02,7.993502437085e-02
1,109,7.870829113862e-02,2.952674681362e-02,8.406440311664e-02
1,110,-7.415901340074e-02,-3.282782278483e-02,8.110009381846e-02
1,111,6.260736843216e-03,-1.851160222469e-02,1.954165404322e-02
1,112,-8.589003975503e-03,1.345635342264e-01,1.348373677168e-01
1,113,5.506929922972e-02,-1.140643355988e-01,1.266621505157e-01
1,114,-6.042803741604e-02,-2.717626793035e-02,6.625780893281e-02
1,115,1.099863472231e-01,9.354118518296e-02,1.443847287663e-01
1,116,-1.723243358564e-01,-4.141343674071e-02,1.772307802585e-01
1,117,1.059105721937e-01,-1.147552881462e-02,1.065304513460e-01
1,118,4.645077938181e-02,-3.481779433253e-02,5.805130237436e-02
1,119,-8.430432746660e-02,7.479987625238e-02,1.127042196059e-01
1,120,4.621365656821e-05,6.242815107648e-04,6.259897017813e-04
1,121,8.464864000043e-02,-1.737182390269e-02,8.641280298444e-02
1,122,-9.424730745547e-02,-1.054866201161e-01,1.414566434853e-01
1,123,7.928617867928e-02,1.090535051709e-01,1.348293926398e-01
1,124,-9.435960056016e-02,-2.299609075089e-02,9.712133858065e-02
1,125,1.684581986940e-02,1.032355428121e-02,1.975746492011e-02
1,126,9.999566036842e-02,-2.098261085101e-02,1.021733920874e-01
1,127,-1.178174938829e-01,1.144845513910e-02,1.183724165079e-01
1,128,9.784623967960e-02,0.000000000000e+00,9.784623967960e-02
2,0,-5.887365057984e-02,0.000000000000e+00,5.887365057984e-02
2,1,4.075261723300e-02,-5.420657480330e-03,4.111154751233e-02
2,2,-4.965330518424e-03,-5.606676850593e-02,5.628620646175e-02
2,3,-3.109492402422e-02,1.766313613963e-01,1.793475177659e-01
2,4,5.595792653761e-02,-2.056156305713e-01,2.130940568801e-01
2,5,-3.967008564573e-02,2.184637667862e-02,4.528774524221e-02
2,6,-1.495984256818e-02,1.073169618717e-01,1.083546362416e-01
2,7,5.085018808735e-02,-1.810317565380e-02,5.397653747019e-02
2,8,-1.161410948570e-01,1.928700385465e-02,1.177316543343e-01
2,9,6.806354188183e-02,-3.894215113520e-02,7.841643238847e-02
2,10,5.556654890838e-03,1.101839498842e-01,1.103239739388e-01
2,11,-6.998699421546e-02,9.097204825656e-02,1.147784514763e-01
2,12,-3.094078085246e-01,3.740973917926e-01,4.854709574444e-01
2,13,-8.076511995332e+00,1.481817499167e+01,1.687626605901e+01
2,14,1.842594134894e+01,-3.350287819802e+01,3.823556148595e+01
2,15,-1.037687899292e+01,1.881571978439e+01,2.148745979957e+01
2,16,2.740248485055e-01,-4.887530968175e-01,5.603295523593e-01
2,17,1.070871970216e-01,-1.624736878418e-01,1.945902541415e-01
2,18,-1.473617890976e-03,6.151269594861e-02,6.153034464843e-02
2,19,2.710953954508e-02,-1.734224086759e-01,1.755285132544e-01
2,20,-5.897210579664e-03,1.016649407237e-01,1.018358348764e-01
2,21,2.989207039369e-02,-6.511830414025e-02,7.165144385512e-02
2,22,-7.328370633186e-02,-2.521244309311e-02,7.749947677538e-02
2,23,8.582225571826e-02,1.255702644975e-01,1.520965183775e-01
2,24,-3.116110495586e-02,-9.945313806558e-02,1.042206367912e-01
2,25,1.339533978954e-02,7.087302866590e-02,7.212781239130e-02
2,26,-2.379393378700e-02,-1.664996721223e-01,1.681912366977e-01
2,27,-1.408538925490e-02,1.081512516801e-01,1.090646204341e-01
2,28,1.178989291195e-02,-4.775060740455e-02,4.918457158885e-02
2,29,1.147860592981e-01,1.487217871247e-01,1.878669991636e-01
2,30,-1.186798536329e-01,-1.965521943575e-01,2.296032943254e-01
2,31,3.911292459309e-03,9.688921935259e+00,9.688922724728e+00
2,32,5.363335065686e-02,-1.916981227191e+01,1.916988729952e+01
2,33,-1.043623514582e-01,9.501272677268e+00,9.501845820061e+00
2,34,8.906141039155e-02,3.724893369526e-02,9.653713214285e-02
2,35,4.576383013987e-02,4.183846410940e-02,6.200633216136e-02
2,36,-1.063004038259e-01,-1.744223573755e-02,1.077218986144e-01
2,37,6.655270387399e-02,1.511968832468e-02,6.824857044638e-02
2,38,-2.199706690205e-02,3.678760374862e-03,2.230256106793e-02
2,39,-9.281402217594e-02,-2.494869393700e-02,9.610868868962e-02
2,40,1.581008769968e-01,1.924620458299e-02,1.592680247193e-01
2,41,-2.616957161450e-02,-4.317487231530e-03,2.652333264281e-02
2,42,-6.891162790869e-02,-6.765194100707e-02,9.656913369732e-02
2,43,-1.066654863939e-02,4.114259886513e-02,4.250280815727e-02
2,44,5.292225709481e-02,4.141612069624e-02,6.720163948547e-02
2,45,5.003086160470e-02,-1.273497507673e-02,5.162622108109e-02
2,46,-7.498684177268e-02,-1.302691737214e-02,7.610996659612e-02
2,47,-1.833023414451e-02,-4.038109070771e-02,4.434670191273e-02
2,48,6.308628326147e-02,2.033785273303e-02,6.628353784716e-02
2,49,-6.288291899941e-02,1.053950750377e-01,1.227289018287e-01
2,50,7.510508945309e-02,-1.478492037421e-01,1.658317264848e-01
2,51,-5.108824039435e-02,1.154327812123e-01,1.262328613516e-01
2,52,-7.796129026912e-02,-7.435811634590e-02,1.077362160415e-01
2,53,1.644398627144e-01,-7.187579909019e-03,1.645968704274e-01
2,54,-7.140286075796e-02,3.068520916455e-02,7.771711900150e-02
2,55,-3.473695949482e-02,3.079054193908e-02,4.641889515970e-02
2,56,-1.104156309697e-02,-1.681657155632e-02,2.011748479640e-02
2,57,5.471361141901e-02,-8.157097663341e-02,9.822119681331e-02
2,58,-3.024674504539e-02,6.685621342711e-02,7.337996224892e-02
2,59,2.675403795807e-02,6.576942490702e-02,7.100278726685e-02
2,60,2.125423056966e-02,-7.321251582885e-02,7.623525950043e-02
2,61,-6.768134628505e-02,1.389113251135e-03,6.769560008288e-02
2,62,5.086503808018e-02,-4.462275475430e-02,6.766418802263e-02
2,63,-2.386974695315e-02,5.909400007193e-03,2.459036047016e-02
2,64,-7.467011025399e-03,8.983683941060e-02,9.014662483388e-02
2,65,7.512848307918e-02,-5.676532666188e-02,9.416257898342e-02
2,66,-7.970366617051e-02,-3.328007406319e-02,8.637266772927e-02
2,67,-3.799760548446e-02,8.858275187629e-02,9.638839117098e-02
2,68,1.071598247261e-02,-6.605091363881e-02,6.691453857627e-02
2,69,1.310577495586e-01,5.028180384589e-03,1.311541700342e-01
2,70,-5.784668671711e-02,5.403187386582e-02,7.915606456615e-02
2,71,-9.708722819149e-02,-4.180915953751e-02,1.057068384691e-01
2,72,7.515127887502e-02,2.977369491863e-02,8.083432207706e-02
2,73,2.618488027003e-02,-7.102327984890e-02,7.569646118050e-02
2,74,-1.267593469610e-01,5.849106339990e-02,1.396034975910e-01
2,75,1.673666046998e-01,-2.043095625158e-02,1.686090280563e-01
2,76,-5.758234474838e-02,8.458781256000e-03,5.820032136559e-02
2,77,-1.128493309540e-02,-4.550149933377e-02,4.688001873494e-02
2,78,-3.124361134005e-02,2.625069504648e-02,4.080762477763e-02
2,79,3.052491433579e-02,8.838323639669e-02,9.350597238230e-02
2,80,4.462522724046e-03,-9.467388192161e-02,9.477899570669e-02
2,81,-8.986720587166e-03,9.202749964817e-03,1.286280505282e-02
2,82,-4.186062175220e-02,2.467638288117e-03,4.193329097748e-02
2,83,6.904139152249e-02,2.115461847284e-02,7.220963665671e-02
2,84,-1.711185104348e-02,-2.737114005610e-02,3.227994352698e-02
2,85,9.540159133006e-03,8.135081602354e-02,8.190830180134e-02
2,86,-3.544880647493e-02,-1.263675540208e-01,1.312454821687e-01
2,87,1.833236296112e-02,1.124349982971e-01,1.139197277639e-01
2,88,4.402647275539e-03,-1.304646475174e-01,1.305389120334e-01
2,89,-4.245699135597e-03,1.224641825694e-01,1.225377573385e-01
2,90,-3.503979795014e-02,-5.187744106918e-03,3.542174655922e-02
2,91,5.884786790338e-02,-8.455057956682e-02,1.030139411044e-01
2,92,-5.873710996571e-02,5.994448960832e-02,8.392490644335e-02
2,93,5.620820496716e-02,-2.965592798541e-02,6.355184002298e-02
2,94,1.131889090162e-03,-4.146822432026e-03,4.298524071723e-03
2,95,-3.762245409525e-03,2.063588761151e-02,2.097604223957e-02
2,96,-6.064811992974e-02,5.335038646631e-02,8.077411829984e-02
2,97,6.238090166871e-02,-7.000071495721e-02,9.376287638251e-02
2,98,-5.107061596386e-02,-2.701426119095e-02,5.777523797114e-02
2,99,2.602753833093e-02,7.068470143584e-02,7.532436371216e-02
2,100,2.058709371935e-02,-3.753823166764e-02,4.281293337933e-02
2,101,1.641367982010e-02,7.636622975372e-02,7.811024217115e-02
2,102,-7.956253619792e-02,-8.639327165814e-02,1.174478375878e-01
2,103,3.515448890996e-02,1.533001342954e-02,3.835162841745e-02
2,104,-1.524037678529e-02,1.737601503581e-02,2.311265850313e-02
2,105,5.604262696224e-02,-1.794621430071e-02,5.884592292212e-02
2,106,-1.776513211546e-02,2.074163745846e-02,2.730962181243e-02
2,107,-1.607946588781e-02,-7.149499128674e-02,7.328085017470e-02
2,108,3.390098814872e-02,9.027208887373e-02,9.642783325932e-02
2,109,-5.873836907375e-02,-6.529422777161e-02,8.782671678786e-02
2,110,4.616873536176e-02,2.445480027061e-02,5.224547235100e-02
2,111,-9.087247524896e-03,-1.320461663997e-04,9.088206851123e-03
2,112,-3.599948417852e-02,3.401882132892e-02,4.953022376013e-02
2,113,-2.667002398756e-02,-2.687656711924e-02,3.786343935265e-02
2,114,1.334623180560e-01,-2.762985397742e-02,1.362923298344e-01
2,115,-3.618539602695e-02,6.559757044658e-02,7.491611398171e-02
2,116,-8.011707356334e-02,-1.039005211170e-01,1.312023771306e-01
2,117,1.666900861915e-02,1.248079375030e-01,1.259161511169e-01
2,118,-2.598370063422e-02,-3.411724621713e-02,4.288518611466e-02
2,119,1.109224446260e-01,-4.564519308951e-02,1.199469565016e-01
2,120,-1.016400398900e-01,-7.553548052533e-03,1.019203306364e-01
2,121,6.285504775030e-02,7.287206923471e-02,9.623458579035e-02
2,122,-2.980145058190e-02,-6.573597906686e-02,7.217579511626e-02
2,123,4.410088016741e-02,2.485493509091e-02,5.062267703227e-02
2,124,-1.147581278476e-01,-2.403604076088e-02,1.172482799982e-01
2,125,7.172243185818e-02,2.302857716131e-02,7.532876341562e-02
2,126,-1.231128291600e-02,-1.250171016272e-03,1.237459553309e-02
2,127,4.797094794618e-02,-2.499571082332e-03,4.803602504840e-02
2,128,-6.599501803163e-02,0.000000000000e+00,6.599501803163e-02
3,0,6.555080171256e-02,0.000000000000e+00,6.555080171256e-02
3,1,-5.483265356649e-02,8.596643511396e-02,1.019649344792e-01
3,2,-3.686965140702e-03,-6.473888510006e-02,6.484378887718e-02
3,3,7.257867799122e-02,4.020845120096e-02,8.297218839426e-02
3,4,-2.497516087153e-02,-4.032504342344e-02,4.743277124163e-02
3,5,-5.938676224448e-02,-1.880991651860e-02,6.229446596062e-02
3,6,1.903408017266e-02,7.790894943592e-02,8.020037786836e-02
3,7,8.471228361756e-02,-7.663432512518e-03,8.505821061824e-02
3,8,-1.772058130889e-01,7.078246209432e-03,1.773471222262e-01
3,9,3.538911878323e-02,-3.909868910863e-02,5.273610924468e-02
3,10,-3.291663113150e-02,1.033629081791e-01,1.084776262290e-01
3,11,4.521635250072e-02,9.980614874501e-02,1.095709170391e-01
3,12,-5.154547938165e-01,2.024100589531e-01,5.537720437453e-01
3,13,-1.141625008942e+01,1.241827707281e+01,1.686844306868e+01
3,14,2.612278021521e+01,-2.794488376067e+01,3.825331586372e+01
3,15,-1.466481684750e+01,1.578750300800e+01,2.154767050979e+01
3,16,3.337872724661e-01,-4.770064718363e-01,5.821933677345e-01
3,17,1.268029907390e-01,-1.396410181135e-01,1.886229370997e-01
3,18,-2.757911074440e-04,2.013779910852e-02,2.013968752663e-02
3,19,2.475114194249e-02,-5.535727841429e-02,6.063866176701e-02
3,20,1.223489861359e-02,2.561543657337e-02,2.838737985318e-02
3,21,3.082109967461e-02,-4.697076551598e-02,5.618000532494e-02
3,22,-2.088152285363e-02,1.680277624067e-02,2.680244925526e-02
3,23,8.663391202072e-02,-3.327870426193e-02,9.280574804055e-02
3,24,-1.145337540382e-01,2.862018619817e-02,1.180554779420e-01
3,25,4.583275998373e-02,4.069170003476e-02,6.128993668985e-02
3,26,4.958642086615e-02,-1.182927817872e-01,1.282653318604e-01
3,27,-1.005794467707e-01,9.262967843177e-02,1.367350812303e-01
3,28,9.493111310703e-02,-6.257160610838e-03,9.513710261854e-02
3,29,-3.150144798923e-02,-5.967008065041e-02,6.747488236555e-02
3,30,5.157203084965e-03,-7.948096572874e-03,9.474649481184e-03
3,31,-1.737121711480e-02,9.651069988856e+00,9.651085622301e+00
3,32,2.883407795400e-02,-1.923939157438e+01,1.923941318119e+01
3,33,-8.176637882215e-02,9.712360157959e+00,9.712704339092e+00
3,34,8.815041743420e-02,-8.521120211415e-02,1.226027938489e-01
3,35,3.671204012769e-02,-7.464040814581e-02,8.318031268582e-02
3,36,-9.605580827792e-02,1.232387087547e-01,1.562513924400e-01
3,37,8.524977017054e-02,-5.078256085948e-02,9.922898670034e-02
3,38,-1.349858059477e-01,6.666932256471e-03,1.351503451459e-01
3,39,8.669420206028e-02,9.884626407245e-03,8.725589097636e-02
3,40,1.519129474855e-02,3.215362273769e-02,3.556164916444e-02
3,41,-2.665796742368e-02,-7.992435405400e-02,8.425289074038e-02
3,42,3.488601318567e-02,3.099504117962e-02,4.666611719135e-02
3,43,-6.297533570473e-02,-3.079459155059e-02,7.010135359529e-02
3,44,6.574277713009e-02,1.048848310523e-01,1.237858656295e-01
3,45,-3.024325386178e-02,-1.403577694614e-01,1.435790996361e-01
3,46,-3.845811324967e-03,8.434867527341e-02,8.443630312328e-02
3,47,-1.669565311274e-02,-2.401486914649e-02,2.924822683487e-02
3,48,-1.051989121136e-03,6.455632944191e-02,6.456490031064e-02
3,49,7.677554049927e-02,-8.946392974345e-02,1.178909595520e-01
3,50,-7.457040920556e-02,8.011492181696e-02,1.094492879229e-01
3,51,3.425811333152e-02,-6.075861550824e-02,6.975118412983e-02
3,52,3.532879163077e-02,-4.708574322326e-02,5.886587069752e-02
3,53,-9.307479103813e-02,4.394520028844e-02,1.029276316408e-01
3,54,4.716748355512e-02,1.538412603383e-02,4.961293015684e-02
3,55,5.344467437836e-02,9.978181329296e-02,1.131933897515e-01
3,56,-9.961378158223e-02,-1.796600788991e-01,2.054279665263e-01
3,57,3.161005428651e-02,9.320324862811e-02,9.841768685978e-02
3,58,5.292704734812e-03,2.116587265835e-02,2.181758210250e-02
3,59,4.343096080827e-02,-3.771836270356e-02,5.752324088372e-02
3,60,-8.011386020067e-02,2.592190689376e-03,8.015578612192e-02
3,61,1.701619553615e-02,7.871761894849e-04,1.703439335221e-02
3,62,1.111940219926e-01,-6.360780813812e-03,1.113758055390e-01
3,63,-1.257836934591e-01,-1.241490876182e-02,1.263948871584e-01
3,64,6.196606385981e-02,4.678360735895e-02,7.764340917164e-02
3,65,-1.251336819932e-02,-1.910478007390e-02,2.283806045539e-02
3,66,-6.778602561834e-02,1.478135118938e-03,6.780213973437e-02
3,67,7.144126814780e-02,-4.729882820781e-03,7.159767165254e-02
3,68,3.994360939946e-02,-4.330616632303e-02,5.891448016791e-02
3,69,-2.661319083407e-02,-1.815569276654e-02,3.221631739047e-02
3,70,-9.091483589923e-02,1.231358832303e-01,1.530619257866e-01
3,71,8.353044415438e-02,-3.224151623648e-02,8.953686654030e-02
3,72,5.550806801739e-05,-7.231771572984e-02,7.231773703267e-02
3,73,-2.897185299882e-02,7.990102173725e-02,8.499142039548e-02
3,74,3.147205230400e-02,-7.924503113382e-02,8.526584917553e-02
3,75,-5.078832066092e-02,2.626794354635e-02,5.717917779849e-02
3,76,1.130707913245e-02,3.530996257377e-02,3.707618501773e-02
3,77,2.631023869277e-02,-7.532717375023e-02,7.978979737578e-02
3,78,5.282868047733e-03,9.501420128678e-02,9.516095386752e-02
3,79,4.664939739501e-02,-5.444393929764e-02,7.169594691168e-02
3,80,-7.743548764260e-02,7.793566366546e-02,1.098645639750e-01
3,81,-5.382781708592e-02,-1.103075395164e-01,1.227403241254e-01
3,82,1.508283017275e-01,3.948105764246e-02,1.559100077434e-01
3,83,-1.364227072170e-01,4.008589260215e-03,1.364815878874e-01
3,84,5.573405901398e-02,2.809685167323e-02,6.241569040010e-02
3,85,-6.828333426442e-03,-4.566185867446e-02,4.616959470246e-02
3,86,4.362847436611e-02,-3.249956559124e-02,5.440280819162e-02
3,87,-2.358325599239e-02,9.283971431615e-02,9.578821700766e-02
3,88,-2.170003599107e-02,-3.644088030705e-02,4.241260802599e-02
3,89,5.653996062784e-02,-5.963769458752e-02,8.217920517693e-02
3,90,-2.021742675398e-02,7.844830421604e-02,8.101160891456e-02
3,91,-1.080288433242e-01,-1.142935752516e-02,1.086317688497e-01
3,92,1.447657173343e-01,-2.042323627150e-02,1.461992527174e-01
3,93,-1.371266097454e-01,5.551945089088e-03,1.372389565486e-01
3,94,1.041812752929e-01,1.978906498609e-02,1.060440720393e-01
3,95,-5.136856556189e-03,-4.183769528060e-02,4.215186878030e-02
3,96,-5.560819146690e-02,-2.737400980521e-02,6.198070160167e-02
3,97,7.851610553216e-02,1.167731305433e-01,1.407151123541e-01
3,98,-8.361556493047e-02,-6.254078425772e-02,1.044170119962e-01
3,99,7.311322935754e-02,-3.081491764282e-02,7.934168801092e-02
3,100,-8.765895707568e-02,9.072623727935e-02,1.261560259618e-01
3,101,1.091922415298e-01,-8.343194976295e-02,1.374184698341e-01
3,102,-9.796029918516e-02,-3.751625732677e-02,1.048984736793e-01
3,103,5.684067679094e-02,7.370346447222e-02,9.307557796361e-02
3,104,3.082512981784e-02,-4.958952932579e-03,3.122146445114e-02
3,105,-1.059806758950e-01,1.257916208527e-03,1.059881409232e-01
3,106,7.191894082880e-02,-1.488995675525e-02,7.344416152500e-02
3,107,-5.716534763540e-02,-4.390502822895e-02,7.208001438722e-02
3,108,8.470856231660e-02,8.932484591437e-02,1.231034874704e-01
3,109,-8.119409786510e-02,-6.268832656846e-02,1.025783009027e-01
3,110,1.011292836482e-01,6.874196650856e-02,1.222807833253e-01
3,111,-1.046205359455e-01,-7.243971983117e-02,1.272515994035e-01
3,112,6.543927917072e-02,-5.132683635253e-03,6.564025974723e-02
3,113,-8.390433200094e-02,6.445517548671e-02,1.058036226958e-01
3,114,9.780169850474e-02,-5.718631643116e-03,9.796874490510e-02
3,115,1.370153719935e-02,-6.848279486607e-02,6.983999795456e-02
3,116,-5.994989834502e-02,5.935500166721e-02,8.436235258984e-02
3,117,2.512399755090e-02,2.715317644035e-02,3.699338108011e-02
3,118,-4.793799424954e-02,-1.006191346366e-01,1.114551997337e-01
3,119,7.964627422859e-04,5.224541630419e-02,5.225148684677e-02
3,120,4.396957737017e-02,-1.107820023618e-02,4.534369035031e-02
3,121,-1.633625202943e-02,2.868710974711e-03,1.658621816526e-02
3,122,4.621304648808e-02,-1.806380906058e-02,4.961800946719e-02
3,123,-4.053353319677e-02,1.012511271426e-01,1.090630921122e-01
3,124,-2.825082736899e-02,-1.511170795262e-01,1.537350999985e-01
3,125,7.150887075516e-03,9.322116855700e-02,9.349503437669e-02
3,126,7.389454835595e-02,-1.764147866157e-02,7.597121853765e-02
3,127,-9.555223661304e-02,1.068980556018e-03,9.555821597950e-02
3,128,8.458310089781e-02,0.000000000000e+00,8.458310089781e-02
61,0,-1.039270638281e-01,0.000000000000e+00,1.039270638281e-01
61,1,6.971519819406e-02,-8.350965612497e-02,1.087845187761e-01
61,2,-1.689208045848e-02,6.232153914861e-02,6.457024565593e-02
61,3,-8.576543340304e-02,-9.516044296491e-03,8.629174158554e-02
61,4,1.745058399697e-01,2.497468735114e-02,1.762839277751e-01
61,5,-1.173695490020e-01,-3.934238909240e-02,1.237878613291e-01
61,6,4.589398274363e-02,6.928175871627e-02,8.310366864881e-02
61,7,-5.562576030738e-02,-1.038179051518e-01,1.177810792949e-01
61,8,2.853964418228e-03,-1.664571184101e-03,3.303923444551e-03
61,9,4.120345164730e-02,2.682340458970e-02,4.916522614037e-02
61,10,-5.042145072716e-02,-1.058063023132e-01,1.172062127305e-01
61,11,-1.870060778621e-02,3.572082637610e-03,1.903871072167e-02
61,12,-2.284456933162e-01,-4.963720953720e-01,5.464180559413e-01
61,13,-6.142929159624e+00,-1.574786445887e+01,1.690357399118e+01
61,14,1.399840452956e+01,3.562888880189e+01,3.828019130870e+01
61,15,-7.863590511895e+00,-2.003935775479e+01,2.152700431930e+01
61,16,1.676395174137e-01,5.952251450603e-01,6.183817438369e-01
61,17,8.254814856995e-02,1.975692153054e-02,8.487951920629e-02
61,18,4.016255691762e-02,1.281592462041e-01,1.343049640399e-01
61,19,-3.194980038076e-02,1.076148439337e-02,3.371348826092e-02
61,20,2.777697855005e-02,1.400301026357e-03,2.781225234199e-02
61,21,2.926825856838e-02,2.093462885519e-02,3.598457509726e-02
61,22,-4.399445049524e-02,5.810200214064e-02,7.287903901074e-02
61,23,3.277758922867e-02,-5.621893746066e-02,6.507641112453e-02
61,24,1.715910293726e-02,-4.581346738957e-02,4.892145345211e-02
61,25,2.202531313826e-03,1.149960668860e-01,1.150171576046e-01
61,26,-5.271286215164e-02,-9.872520947077e-02,1.119165440016e-01
61,27,5.736551840911e-03,4.962262132745e-02,4.995310375173e-02
61,28,-1.237711820812e-03,2.364858111001e-02,2.368094844106e-02
61,29,1.029569376249e-02,-5.422900625752e-02,5.519770312005e-02
61,30,4.012434944831e-02,2.236141945986e-02,4.593469820201e-02
61,31,-2.153924255062e-02,9.635083711674e+00,9.635107787147e+00
61,32,1.738917082010e-02,-1.923331868546e+01,1.923332654638e+01
61,33,-3.728776980678e-02,9.588125676194e+00,9.588198181112e+00
61,34,1.820383802876e-03,6.742488719031e-02,6.744945670512e-02
61,35,1.753024528598e-02,-7.251770546186e-02,7.460648165702e-02
61,36,-7.649920639261e-03,1.879450307481e-02,2.029173801369e-02
61,37,1.556131842185e-02,3.082242729279e-02,3.452791124939e-02
61,38,-3.494154304816e-02,-4.778415789280e-02,5.919659767344e-02
61,39,7.405348566473e-02,2.336914646947e-02,7.765330479643e-02
61,40,-1.078493217899e-01,4.324537477065e-02,1.161965517974e-01
61,41,5.343349889143e-02,-1.216579012837e-01,1.328750681976e-01
61,42,7.030552261718e-03,1.622550371413e-01,1.624072835277e-01
61,43,1.290251429590e-02,-9.540512584221e-02,9.627363560251e-02
61,44,-9.844992636575e-02,-2.081755834499e-03,9.847193360941e-02
61,45,1.768801621641e-01,5.249938577780e-02,1.845068488546e-01
61,46,-1.331653430707e-01,-7.543901522565e-02,1.530491869085e-01
61,47,1.067605312971e-02,9.520962984371e-03,1.430478404514e-02
61,48,7.243112811218e-02,1.069785132937e-01,1.291923783593e-01
61,49,-6.480346019346e-02,-1.324120794519e-01,1.474192905892e-01
61,50,3.695958492692e-02,2.925375804074e-02,4.713590221345e-02
61,51,-4.493350984894e-02,9.012613399649e-02,1.007062080336e-01
61,52,4.952812080613e-02,-1.180364023211e-01,1.280063554027e-01
61,53,2.413323706504e-02,2.789005636539e-02,3.688181632325e-02
61,54,-1.436790932939e-01,5.212036821121e-02,1.528404875425e-01
61,55,1.130041373045e-01,-2.813528804155e-02,1.164539801000e-01
61,56,-4.061189430022e-03,2.616142008488e-02,2.647476459658e-02
61,57,2.567280107863e-02,-6.633852653627e-02,7.113292358836e-02
61,58,-2.159867194953e-02,1.020784034014e-01,1.043384065000e-01
61,59,-6.106966179690e-02,-9.820075086521e-02,1.156412169708e-01
61,60,5.538217896016e-02,2.260491942466e-02,5.981779107064e-02
61,61,8.356096833658e-03,6.669902524911e-02,6.722041597219e-02
61,62,-3.486881770007e-02,-1.119462780396e-01,1.172510282032e-01
61,63,-4.040529271123e-02,1.110528675268e-01,1.181749849376e-01
61,64,1.155178674350e-01,-4.759116536691e-02,1.249371710809e-01
61,65,-5.691933346715e-02,-2.314763940608e-02,6.144610429000e-02
61,66,-2.710870122023e-02,7.410973754793e-02,7.891219729085e-02
61,67,4.211212739842e-02,-8.925265362473e-02,9.868874025478e-02
61,68,-1.459269601176e-03,4.758999610194e-02,4.761236390636e-02
61,69,-1.937486790455e-02,-7.360787904171e-02,7.611507973679e-02
61,70,1.965894613841e-02,8.778420898088e-02,8.995855439964e-02
61,71,-9.485075421000e-02,-2.100846900303e-02,9.714947938130e-02
61,72,1.344924150035e-01,-2.277780400814e-02,1.364076172687e-01
61,73,-2.603172246445e-02,-5.737437584249e-03,2.665649572804e-02
61,74,-2.956990070219e-02,5.296743650772e-02,6.066241305567e-02
61,75,-5.300651700005e-02,-2.248570092153e-02,5.757862094918e-02
61,76,4.894123612479e-02,6.336709761010e-02,8.006643274776e-02
61,77,4.958966133370e-02,-1.108733386693e-01,1.214579422634e-01
61,78,-8.471488707298e-02,4.213891316265e-02,9.461659523740e-02
61,79,5.149818378182e-02,5.365402628176e-03,5.177692998034e-02
61,80,4.827001049062e-03,-2.821913550192e-02,2.862899836885e-02
61,81,-5.449904184104e-03,9.382362501085e-02,9.398177517898e-02
61,82,-4.551012023875e-03,-1.293117702204e-01,1.293918298347e-01
61,83,-3.421308602308e-02,2.307423904195e-02,4.126688457574e-02
61,84,1.247635881028e-02,6.555572539254e-02,6.673239588764e-02
61,85,7.072328064669e-02,-3.850719104955e-02,8.052692834050e-02
61,86,-7.478735756835e-02,-1.116814615288e-02,7.561664063253e-02
61,87,3.615269796442e-02,5.636901639967e-02,6.696628689104e-02
61,88,-2.956742597402e-02,-1.234295208708e-01,1.269215478203e-01
61,89,-8.006707045496e-03,1.625800970555e-01,1.627771338865e-01
61,90,3.855548556720e-03,-1.038249715656e-01,1.038965349531e-01
61,91,5.040462842204e-02,4.881031114530e-02,7.016461387669e-02
61,92,-7.363691218337e-02,-3.580073637922e-02,8.187849266563e-02
61,93,3.023624153391e-02,-3.801319833354e-02,4.857194199990e-02
61,94,1.462233778510e-02,7.451399331370e-02,7.593515629703e-02
61,95,1.954614169749e-02,4.587735227550e-02,4.986765592114e-02
61,96,2.335280877546e-02,-1.287038108896e-01,1.308052927645e-01
61,97,-6.121297717651e-02,9.018427460255e-02,1.089964768256e-01
61,98,-4.821101061840e-02,-2.504142559759e-02,5.432655465615e-02
61,99,8.873554354617e-02,-2.404037246992e-03,8.876810284961e-02
61,100,-2.604187277189e-03,-1.729528864246e-02,1.749024872895e-02
61,101,-2.531654199415e-02,6.495464175456e-02,6.971393536449e-02
61,102,9.910380057385e-03,-3.998965233435e-02,4.119936803768e-02
61,103,-5.161075530220e-02,-8.773021223501e-02,1.017853633960e-01
61,104,2.606774595163e-02,1.262528121573e-01,1.289158638672e-01
61,105,8.724765355912e-03,-1.196908018779e-01,1.200083729775e-01
61,106,5.219045321396e-02,1.140992667163e-01,1.254690642026e-01
61,107,-1.379540418030e-02,-5.940358208862e-02,6.098441392239e-02
61,108,-8.273562494205e-02,3.114741891778e-02,8.840444185555e-02
61,109,6.513221544730e-02,-1.511847533185e-02,6.686384512899e-02
61,110,-4.772640240176e-04,-3.508414525581e-02,3.508739131482e-02
61,111,-4.115710412921e-02,6.978161241999e-02,8.101469405137e-02
61,112,-3.640449179815e-02,-4.886826741333e-02,6.093762863012e-02
61,113,1.639929236908e-01,2.899683324699e-02,1.665367687900e-01
61,114,-1.319610222069e-01,-6.958307761950e-02,1.491828276743e-01
61,115,5.710200667306e-02,1.235109354987e-01,1.360720042987e-01
61,116,-4.016884386189e-03,-8.607911747769e-02,8.617279051945e-02
61,117,-4.462822951284e-02,8.878657533794e-02,9.937170034618e-02
61,118,-5.856760357682e-03,-1.443897028351e-01,1.445084354863e-01
61,119,3.707078422184e-02,8.540600436718e-02,9.310439637734e-02
61,120,-4.608761781767e-02,-1.155127599250e-02,4.751316126257e-02
61,121,9.999323681795e-02,-3.657345663615e-02,1.064718983566e-01
61,122,-8.716815637926e-02,1.890763960215e-02,8.919521468040e-02
61,123,1.375456516960e-02,7.424770873664e-02,7.551099466730e-02
61,124,-9.555603714620e-03,-4.763233406368e-02,4.858136279177e-02
61,125,1.200378384353e-01,-4.092644800432e-02,1.268229348441e-01
61,126,-1.199116347481e-01,1.066686698244e-01,1.604898914887e-01
61,127,-2.195735542434e-02,-1.425163662986e-01,1.441979199579e-01
61,128,8.817099233063e-02,0.000000000000e+00,8.817099233063e-02
62,0,-9.324321410558e-01,0.000000000000e+00,9.324321410558e-01
62,1,-1.541311260807e-01,-1.025093214860e+00,1.036615889893e+00
62,2,1.240887038568e+00,1.123584205476e-03,1.240887547253e+00
62,3,-1.430421315140e-01,1.077794040124e+00,1.087244703052e+00
62,4,-9.669231638081e-01,3.838676637974e-02,9.676848394709e-01
62,5,-6.348334053934e-02,-1.199886060455e+00,1.201564269026e+00
62,6,1.168504438113e+00,-3.980925856464e-02,1.169182363430e+00
62,7,1.498851377154e-01,1.288344434637e+00,1.297033899622e+00
62,8,-1.341184775870e+00,1.721636389312e-01,1.352189676634e+00
62,9,-2.880353360629e-01,-1.685800112685e+00,1.710229918680e+00
62,10,2.023250817124e+00,-3.937043875380e-01,2.061200381758e+00
62,11,1.030488672428e+00,2.298760984471e+00,2.519168308734e+00
62,12,-2.635827971830e+00,1.497069921810e+00,3.031304578539e+00
62,13,-5.085016346834e+00,-1.857272263780e+01,1.925625657879e+01
62,14,5.295124036813e+00,3.442987095501e+01,3.483467170139e+01
62,15,4.803633848468e-01,-2.209022333941e+01,2.209544559782e+01
62,16,1.647000656784e+00,2.619640998536e+00,3.094370715453e+00
62,17,-1.148783882735e+00,1.906039267931e+00,2.225464019059e+00
62,18,-1.168307158439e+00,-5.146607432336e-01,1.276642979492e+00
62,19,2.584754930730e-01,-7.061794329594e-01,7.519966569435e-01
62,20,5.134388715887e-01,2.098480050814e-01,5.546671615437e-01
62,21,-1.768311184857e-01,3.475217693341e-01,3.899238702953e-01
62,22,-3.053095640593e-01,-9.553839378286e-02,3.199086034990e-01
62,23,1.177499081255e-01,-1.289891503025e-01,1.746517728490e-01
62,24,5.536576864642e-02,1.497431346044e-01,1.596507898476e-01
62,25,-1.241860490622e-01,-1.371051847964e-01,1.849865035069e-01
62,26,1.326974934599e-01,-1.188699527301e-01,1.781535585741e-01
62,27,1.399429752147e-01,3.445500731395e-01,3.718854517353e-01
62,28,-5.242919981691e-01,2.081594820381e-01,5.641032434817e-01
62,29,-6.297331823992e-01,-7.449873953375e-01,9.754845463801e-01
62,30,9.099982495598e-01,-1.047042803748e+00,1.387225809694e+00
62,31,1.511853156464e+00,1.005082563609e+01,1.016389669044e+01
62,32,1.516670229765e-01,-1.745897601369e+01,1.745963477088e+01
62,33,-1.472196429686e+00,1.047429729010e+01,1.057725229202e+01
62,34,-1.311136308383e+00,-1.098925266983e+00,1.710764496234e+00
62,35,6.852655979669e-01,-1.135928019518e+00,1.326620294313e+00
62,36,8.367345165941e-01,2.984328557774e-01,8.883618748390e-01
62,37,-9.083782543280e-02,6.151615657356e-01,6.218321819331e-01
62,38,-5.526643749952e-01,-5.917962268968e-02,5.558238382172e-01
62,39,5.589892584881e-02,-5.065723845080e-01,5.096472021479e-01
62,40,4.105148664328e-01,-2.966936010467e-02,4.115856247385e-01
62,41,2.650025338327e-02,4.940993877591e-01,4.948095274076e-01
62,42,-4.175998314877e-01,-1.119462498957e-02,4.177498520493e-01
62,43,3.875878889890e-02,-3.510727964953e-01,3.532058212374e-01
62,44,4.013267061235e-01,-6.643578558684e-02,4.067884445931e-01
62,45,-9.850280128423e-02,4.033427887940e-01,4.151965885372e-01
62,46,-2.667970654554e-01,-1.108766981557e-01,2.889192211147e-01
62,47,-2.327457062378e-03,-2.141325463742e-01,2.141451948401e-01
62,48,2.789787443144e-01,1.750628803387e-02,2.795274761091e-01
62,49,-5.680129679117e-02,2.669426072296e-01,2.729189309515e-01
62,50,-1.669138643375e-01,-5.973385302472e-02,1.772804876608e-01
62,51,2.155657984771e-02,-1.714710850050e-01,1.728207716900e-01
62,52,1.779397734194e-01,-2.807473200434e-03,1.779619197196e-01
62,53,-1.289471481208e-03,1.150809022792e-01,1.150881262603e-01
62,54,-1.883914815087e-01,6.352565097839e-02,1.988136278962e-01
62,55,-3.665302848712e-02,-1.932453438953e-01,1.966906389092e-01
62,56,2.199267437657e-01,4.705948098850e-02,2.249052408778e-01
62,57,-1.793184185053e-02,5.946886312966e-02,6.211357850008e-02
62,58,-1.743738845971e-01,1.117808904781e-01,2.071260946997e-01
62,59,-2.108081371342e-02,-1.824567226328e-01,1.836705102643e-01
62,60,2.406188055208e-01,-1.928835428008e-02,2.413906588521e-01
62,61,-5.450046253128e-02,1.877255903362e-01,1.954768469237e-01
62,62,-1.481466738881e-01,-9.868796426107e-02,1.780077281303e-01
62,63,2.628828374678e-02,-3.768956457015e-02,4.595190028539e-02
62,64,1.080565013035e-01,-4.331396776578e-02,1.164143774521e-01
62,65,2.517426183679e-02,1.332768089548e-01,1.356335182181e-01
62,66,-1.530889799060e-01,-4.309820470730e-02,1.590399038532e-01
62,67,8.717961541582e-03,-3.767388222382e-02,3.866942274271e-02
62,68,1.109745596849e-01,-5.300955431857e-02,1.229852257237e-01
62,69,1.145678124569e-02,1.039955809820e-01,1.046247518529e-01
62,70,-1.293153590109e-01,5.303458528874e-02,1.397681269563e-01
62,71,2.321154814326e-03,-1.294551321570e-01,1.294759398555e-01
62,72,1.503030579668e-01,2.604294099849e-02,1.525425973623e-01
62,73,1.338360021672e-03,-5.301577303638e-03,5.467899912586e-03
62,74,-1.984575908167e-01,1.228282108443e-01,2.333927692367e-01
62,75,1.085825597032e-01,-1.497547338643e-01,1.849774380471e-01
62,76,3.860554665039e-02,-2.630195569473e-02,4.671382135453e-02
62,77,2.521251368393e-02,1.533900586818e-01,1.554483224376e-01
62,78,-1.178963898731e-01,-4.863510035595e-02,1.275340414624e-01
62,79,1.201222773622e-02,-6.957793080153e-02,7.060723808370e-02
62,80,8.427124575182e-02,1.227328793036e-02,8.516029859733e-02
62,81,4.211466045894e-02,9.313237046011e-02,1.022119516157e-01
62,82,-1.268321895462e-01,-5.481863367483e-02,1.381719468744e-01
62,83,-6.879401732671e-03,-5.431306064380e-02,5.474700653640e-02
62,84,1.107531692459e-01,2.844745592163e-02,1.143482498617e-01
62,85,-2.561087183087e-02,2.825815136786e-02,3.813711938081e-02
62,86,-7.429458230493e-02,5.019643788551e-02,8.966251912733e-02
62,87,4.144812528363e-03,-9.549894580586e-02,9.558884935455e-02
62,88,9.048426890931e-02,-7.950968413687e-03,9.083292805348e-02
62,89,-1.780260544694e-03,1.035359037857e-01,1.035512081066e-01
62,90,-7.860854254898e-02,-6.753138027064e-02,1.036329594431e-01
62,91,-6.444557584272e-03,8.631075635344e-03,1.077161961267e-02
62,92,7.325123942942e-02,-1.053765259748e-01,1.283353275777e-01
62,93,-1.161720557533e-02,1.586719662859e-01,1.590966761136e-01
62,94,-1.054262854106e-01,2.555414542802e-02,1.084791039972e-01
62,95,1.088989530679e-01,-1.605248400035e-01,1.939773343394e-01
62,96,-4.303979627057e-02,9.087911443162e-02,1.005556438142e-01
62,97,1.220803756130e-01,7.894225271952e-03,1.223353460879e-01
62,98,-1.824009573072e-01,-4.576398590289e-03,1.824583586757e-01
62,99,3.964863834111e-02,-6.504453348404e-02,7.617615019454e-02
62,100,6.386096815254e-02,3.863421641751e-02,7.463796575185e-02
62,101,3.566765419894e-02,8.301397819747e-02,9.035210087333e-02
62,102,-1.202275094147e-01,-1.390983922296e-01,1.838559673791e-01
62,103,1.906427576441e-02,1.170567933551e-01,1.185990703210e-01
62,104,8.285721331574e-02,-1.292640713172e-01,1.535399554903e-01
62,105,-4.472946390276e-02,1.117633309342e-01,1.203817556050e-01
62,106,-3.879462193501e-02,5.943488708406e-02,7.097554856269e-02
62,107,3.562549556565e-02,-1.681197410484e-01,1.718529117137e-01
62,108,4.107814463099e-02,4.752678184741e-02,6.281885830780e-02
62,109,-4.514201458515e-02,8.832009658664e-02,9.918790723611e-02
62,110,-2.026778139962e-02,-4.889234330934e-02,5.292678147348e-02
62,111,1.983216180252e-02,-7.577348825770e-03,2.123042291120e-02
62,112,6.991516449088e-02,-4.328714169723e-02,8.223081455332e-02
62,113,-7.556928964085e-02,3.718418378658e-02,8.422221239493e-02
62,114,-1.230258569113e-02,5.829143166517e-02,5.957553709588e-02
62,115,2.432356957044e-02,-9.203500640630e-02,9.519494966045e-02
62,116,-3.148449246684e-02,-1.463779321331e-02,3.472086197159e-02
62,117,1.174551743373e-01,1.692986795085e-01,2.060528108567e-01
62,118,-1.178916990831e-01,-1.751250574946e-01,2.111095414120e-01
62,119,-1.740564399465e-03,6.184346605349e-02,6.186795501661e-02
62,120,9.438017231816e-02,-5.146205924755e-02,1.074986533348e-01
62,121,-7.549374356941e-02,6.421856047426e-02,9.911270769942e-02
62,122,-2.151887134507e-02,3.299546540909e-02,3.939241756389e-02
62,123,3.552267689996e-02,-8.236889737309e-02,8.970226211527e-02
62,124,5.551159289494e-02,8.415434436007e-03,5.614585009135e-02
62,125,-3.701399555656e-02,3.619028758692e-02,5.176652183299e-02
62,126,-1.144101241151e-01,-5.484860751890e-02,1.268780763048e-01
62,127,9.828692673863e-02,9.172733141998e-02,1.344404079775e-01
62,128,-2.115781644571e-03,0.000000000000e+00,2.115781644571e-03
